merge_Sort_Aggressivemerge_inplaceDeadline_wcodec1800r_600000_10000_3000_s521.txt , 1680 , 1764 , 1291 , 1341 , 706531 , 116
merge_Sort_Aggressivemerge_inplaceDeadline_wcodec1100r_600000_10000_3000_s50.txt , 1030 , 1048 , 740 , 753 , 479074 , 31
merge_Sort_Aggressivemerge_inplaceDeadline_wcodec1900r_600000_10000_3000_s16384.txt , 1704 , 1862 , 1521 , 1662 , 747460 , 284
merge_Sort_Aggressivemerge_inplaceDeadline_wcodec1300r_600000_10000_3000_s6.txt , 1194 , 1200 , 521 , 525 , 467795 , 18
merge_Sort_Aggressivemerge_inplaceDeadline_wcodec1300r_600000_10000_3000_s12345.txt , 1176 , 1200 , 998 , 1012 , 458006 , 57
merge_Sort_Aggressivemerge_inplaceDeadline_wcodec1700r_600000_10000_3000_s1990.txt , 1512 , 1561 , 1083 , 1118 , 635201 , 76
merge_Sort_Aggressivemerge_inplaceDeadline_wcodec1600r_600000_10000_3000_s212223.txt , 1464 , 1535 , 1329 , 1388 , 547301 , 126
merge_Sort_Aggressivemerge_inplaceDeadline_wcodec1900r_600000_10000_3000_s687.txt , 1704 , 1851 , 1667 , 1791 , 727483 , 264
merge_Sort_Aggressivemerge_inplaceDeadline_wcodec2000r_600000_10000_3000_s50.txt , 1752 , 1961 , 1616 , 1797 , 850923 , 384
merge_Sort_Aggressivemerge_inplaceDeadline_wcodec1100r_600000_10000_3000_s81.txt , 1023 , 1034 , 125 , 129 , 407746 , 8
merge_Sort_Aggressivemerge_inplaceDeadline_wcodec1500r_600000_10000_3000_s1080.txt , 1392 , 1424 , 1202 , 1215 , 568676 , 41
merge_Sort_Aggressivemerge_inplaceDeadline_wcodec1600r_600000_10000_3000_s1.txt , 1440 , 1528 , 1268 , 1338 , 564185 , 160
merge_Sort_Aggressivemerge_inplaceDeadline_wcodec1300r_600000_10000_3000_s555.txt , 1224 , 1241 , 1020 , 1032 , 504996 , 31
merge_Sort_Aggressivemerge_inplaceDeadline_wcodec1100r_600000_10000_3000_s768.txt , 1033 , 1037 , 407 , 408 , 418514 , 5
merge_Sort_Aggressivemerge_inplaceDeadline_wcodec1500r_600000_10000_3000_s699.txt , 1368 , 1429 , 1076 , 1123 , 563833 , 106
merge_Sort_Aggressivemerge_inplaceDeadline_wcodec1000r_600000_10000_3000_s4192.txt , 949 , 956 , 33 , 33 , 321082 , 0
merge_Sort_Aggressivemerge_inplaceDeadline_wcodec1900r_600000_10000_3000_s262144.txt , 1752 , 1859 , 1477 , 1568 , 762477 , 193
merge_Sort_Aggressivemerge_inplaceDeadline_wcodec1900r_600000_10000_3000_s251.txt , 1680 , 1865 , 1532 , 1704 , 696578 , 357
merge_Sort_Aggressivemerge_inplaceDeadline_wcodec1000r_600000_10000_3000_s81.txt , 956 , 956 , 34 , 34 , 349453 , 0
merge_Sort_Aggressivemerge_inplaceDeadline_wcodec1300r_600000_10000_3000_s212223.txt , 1200 , 1225 , 1088 , 1103 , 439835 , 37
merge_Sort_Aggressivemerge_inplaceDeadline_wcodec1100r_600000_10000_3000_s555.txt , 1062 , 1062 , 282 , 282 , 413109 , 0
merge_Sort_Aggressivemerge_inplaceDeadline_wcodec1700r_600000_10000_3000_s800.txt , 1584 , 1687 , 1454 , 1546 , 677510 , 187
merge_Sort_Aggressivemerge_inplaceDeadline_wcodec1400r_600000_10000_3000_s9199.txt , 1296 , 1325 , 1112 , 1136 , 510297 , 48
merge_Sort_Aggressivemerge_inplaceDeadline_wcodec1100r_600000_10000_3000_s251.txt , 1063 , 1074 , 22 , 22 , 418035 , 0
merge_Sort_Aggressivemerge_inplaceDeadline_wcodec1600r_600000_10000_3000_s768.txt , 1416 , 1509 , 1175 , 1255 , 594974 , 163
merge_Sort_Aggressivemerge_inplaceDeadline_wcodec1600r_600000_10000_3000_s68.txt , 1416 , 1526 , 1345 , 1443 , 574566 , 204
merge_Sort_Aggressivemerge_inplaceDeadline_wcodec1500r_600000_10000_3000_s768.txt , 1387 , 1423 , 815 , 841 , 558255 , 60
merge_Sort_Aggressivemerge_inplaceDeadline_wcodec1000r_600000_10000_3000_s12345.txt , 967 , 967 , 275 , 275 , 397214 , 0
merge_Sort_Aggressivemerge_inplaceDeadline_wcodec1200r_600000_10000_3000_s777.txt , 1136 , 1144 , 507 , 515 , 455894 , 26
merge_Sort_Aggressivemerge_inplaceDeadline_wcodec1300r_600000_10000_3000_s333.txt , 1224 , 1269 , 1175 , 1220 , 488680 , 90
merge_Sort_Aggressivemerge_inplaceDeadline_wcodec1700r_600000_10000_3000_s104857.txt , 1584 , 1656 , 1488 , 1537 , 624795 , 129
merge_Sort_Aggressivemerge_inplaceDeadline_wcodec1600r_600000_10000_3000_s678.txt , 1464 , 1564 , 1312 , 1400 , 630702 , 179
merge_Sort_Aggressivemerge_inplaceDeadline_wcodec1400r_600000_10000_3000_s16384.txt , 1272 , 1306 , 998 , 1019 , 485299 , 50
merge_Sort_Aggressivemerge_inplaceDeadline_wcodec1200r_600000_10000_3000_s16384.txt , 1080 , 1102 , 659 , 662 , 419832 , 18
merge_Sort_Aggressivemerge_inplaceDeadline_wcodec1300r_600000_10000_3000_s1048575.txt , 1224 , 1224 , 897 , 897 , 447650 , 0
merge_Sort_Aggressivemerge_inplaceDeadline_wcodec1800r_600000_10000_3000_s1.txt , 1584 , 1745 , 1407 , 1555 , 649510 , 301
merge_Sort_Aggressivemerge_inplaceDeadline_wcodec1400r_600000_10000_3000_s555.txt , 1296 , 1319 , 1129 , 1147 , 519993 , 41
merge_Sort_Aggressivemerge_inplaceDeadline_wcodec1700r_600000_10000_3000_s333.txt , 1560 , 1683 , 1519 , 1630 , 673785 , 232
merge_Sort_Aggressivemerge_inplaceDeadline_wcodec1100r_600000_10000_3000_s1990.txt , 1023 , 1028 , 388 , 389 , 415020 , 2
merge_Sort_Aggressivemerge_inplaceDeadline_wcodec1800r_600000_10000_3000_s9199.txt , 1656 , 1777 , 1548 , 1660 , 707719 , 222
merge_Sort_Aggressivemerge_inplaceDeadline_wcodec1500r_600000_10000_3000_s9999.txt , 1368 , 1405 , 747 , 782 , 528982 , 70
merge_Sort_Aggressivemerge_inplaceDeadline_wcodec1900r_600000_10000_3000_s555.txt , 1704 , 1843 , 1561 , 1679 , 733416 , 262
merge_Sort_Aggressivemerge_inplaceDeadline_wcodec1900r_600000_10000_3000_s800.txt , 1680 , 1847 , 1549 , 1680 , 779822 , 289
merge_Sort_Aggressivemerge_inplaceDeadline_wcodec1300r_600000_10000_3000_s9199.txt , 1200 , 1214 , 1021 , 1031 , 465068 , 18
merge_Sort_Aggressivemerge_inplaceDeadline_wcodec1600r_600000_10000_3000_s1920.txt , 1488 , 1534 , 802 , 836 , 540096 , 82
merge_Sort_Aggressivemerge_inplaceDeadline_wcodec2000r_600000_10000_3000_s7.txt , 1776 , 1931 , 1543 , 1672 , 793770 , 282
merge_Sort_Aggressivemerge_inplaceDeadline_wcodec1400r_600000_10000_3000_s768.txt , 1289 , 1312 , 753 , 773 , 525057 , 43
merge_Sort_Aggressivemerge_inplaceDeadline_wcodec1100r_600000_10000_3000_s333.txt , 1032 , 1052 , 902 , 912 , 415252 , 22
merge_Sort_Aggressivemerge_inplaceDeadline_wcodec2000r_600000_10000_3000_s1.txt , 1728 , 1925 , 1545 , 1728 , 773140 , 365
merge_Sort_Aggressivemerge_inplaceDeadline_wcodec1100r_600000_10000_3000_s1.txt , 1048 , 1074 , 711 , 720 , 433550 , 29
merge_Sort_Aggressivemerge_inplaceDeadline_wcodec1600r_600000_10000_3000_s1990.txt , 1445 , 1494 , 907 , 943 , 616079 , 81
merge_Sort_Aggressivemerge_inplaceDeadline_wcodec1300r_600000_10000_3000_s68.txt , 1200 , 1226 , 1134 , 1147 , 462573 , 39
merge_Sort_Aggressivemerge_inplaceDeadline_wcodec1400r_600000_10000_3000_s521.txt , 1296 , 1329 , 798 , 821 , 523690 , 54
merge_Sort_Aggressivemerge_inplaceDeadline_wcodec1200r_600000_10000_3000_s9999.txt , 1131 , 1144 , 467 , 479 , 450520 , 23
merge_Sort_Aggressivemerge_inplaceDeadline_wcodec1400r_600000_10000_3000_s6.txt , 1264 , 1275 , 568 , 576 , 509453 , 25
merge_Sort_Aggressivemerge_inplaceDeadline_wcodec1000r_600000_10000_3000_s1920.txt , 947 , 956 , 150 , 150 , 373299 , 0
merge_Sort_Aggressivemerge_inplaceDeadline_wcodec1000r_600000_10000_3000_s1048575.txt , 936 , 946 , 309 , 311 , 367362 , 4
merge_Sort_Aggressivemerge_inplaceDeadline_wcodec1500r_600000_10000_3000_s262144.txt , 1364 , 1396 , 657 , 687 , 584591 , 61
merge_Sort_Aggressivemerge_inplaceDeadline_wcodec1800r_600000_10000_3000_s333.txt , 1608 , 1765 , 1572 , 1699 , 696910 , 269
merge_Sort_Aggressivemerge_inplaceDeadline_wcodec1000r_600000_10000_3000_s687.txt , 951 , 968 , 636 , 641 , 388728 , 12
merge_Sort_Aggressivemerge_inplaceDeadline_wcodec1000r_600000_10000_3000_s212223.txt , 963 , 968 , 268 , 268 , 344199 , 0
merge_Sort_Aggressivemerge_inplaceDeadline_wcodec1600r_600000_10000_3000_s9199.txt , 1464 , 1500 , 1256 , 1281 , 571471 , 55
merge_Sort_Aggressivemerge_inplaceDeadline_wcodec1300r_600000_10000_3000_s768.txt , 1234 , 1246 , 700 , 712 , 497072 , 24
merge_Sort_Aggressivemerge_inplaceDeadline_wcodec2000r_600000_10000_3000_s9199.txt , 1800 , 1952 , 1683 , 1825 , 733144 , 285
merge_Sort_Aggressivemerge_inplaceDeadline_wcodec1300r_600000_10000_3000_s167.txt , 1200 , 1213 , 771 , 781 , 499599 , 21
merge_Sort_Aggressivemerge_inplaceDeadline_wcodec1400r_600000_10000_3000_s12345.txt , 1296 , 1324 , 1050 , 1073 , 523601 , 50
merge_Sort_Aggressivemerge_inplaceDeadline_wcodec1500r_600000_10000_3000_s1048575.txt , 1368 , 1402 , 1097 , 1128 , 511899 , 64
merge_Sort_Aggressivemerge_inplaceDeadline_wcodec1400r_600000_10000_3000_s333.txt , 1296 , 1337 , 1263 , 1304 , 505985 , 84
merge_Sort_Aggressivemerge_inplaceDeadline_wcodec1500r_600000_10000_3000_s68.txt , 1344 , 1422 , 1278 , 1346 , 546812 , 155
merge_Sort_Aggressivemerge_inplaceDeadline_wcodec1100r_600000_10000_3000_s4192.txt , 1045 , 1048 , 121 , 121 , 351267 , 0
merge_Sort_Aggressivemerge_inplaceDeadline_wcodec1100r_600000_10000_3000_s6.txt , 1020 , 1037 , 130 , 146 , 420842 , 30
merge_Sort_Aggressivemerge_inplaceDeadline_wcodec1000r_600000_10000_3000_s678.txt , 974 , 974 , 52 , 52 , 362757 , 0
merge_Sort_Aggressivemerge_inplaceDeadline_wcodec1800r_600000_10000_3000_s1048575.txt , 1608 , 1740 , 1441 , 1560 , 649880 , 249
merge_Sort_Aggressivemerge_inplaceDeadline_wcodec1100r_600000_10000_3000_s1911.txt , 1019 , 1031 , 236 , 246 , 367023 , 20
merge_Sort_Aggressivemerge_inplaceDeadline_wcodec1500r_600000_10000_3000_s4192.txt , 1368 , 1413 , 936 , 970 , 522851 , 74
merge_Sort_Aggressivemerge_inplaceDeadline_wcodec1500r_600000_10000_3000_s16384.txt , 1368 , 1426 , 1060 , 1105 , 551388 , 95
merge_Sort_Aggressivemerge_inplaceDeadline_wcodec1500r_600000_10000_3000_s1911.txt , 1368 , 1409 , 1135 , 1159 , 514182 , 76
merge_Sort_Aggressivemerge_inplaceDeadline_wcodec1900r_600000_10000_3000_s1911.txt , 1704 , 1875 , 1545 , 1695 , 701561 , 319
merge_Sort_Aggressivemerge_inplaceDeadline_wcodec1400r_600000_10000_3000_s800.txt , 1296 , 1320 , 1153 , 1166 , 513726 , 32
merge_Sort_Aggressivemerge_inplaceDeadline_wcodec2000r_600000_10000_3000_s521.txt , 1800 , 1953 , 1562 , 1678 , 798229 , 255
merge_Sort_Aggressivemerge_inplaceDeadline_wcodec1200r_600000_10000_3000_s262144.txt , 1125 , 1148 , 497 , 515 , 504998 , 35
merge_Sort_Aggressivemerge_inplaceDeadline_wcodec1200r_600000_10000_3000_s4192.txt , 1119 , 1135 , 315 , 315 , 385296 , 7
merge_Sort_Aggressivemerge_inplaceDeadline_wcodec1300r_600000_10000_3000_s1.txt , 1200 , 1222 , 1020 , 1032 , 488181 , 30
merge_Sort_Aggressivemerge_inplaceDeadline_wcodec1600r_600000_10000_3000_s521.txt , 1466 , 1502 , 934 , 953 , 607759 , 42
merge_Sort_Aggressivemerge_inplaceDeadline_wcodec1800r_600000_10000_3000_s768.txt , 1632 , 1755 , 1357 , 1471 , 699527 , 217
merge_Sort_Aggressivemerge_inplaceDeadline_wcodec1200r_600000_10000_3000_s800.txt , 1126 , 1151 , 381 , 395 , 444458 , 37
merge_Sort_Aggressivemerge_inplaceDeadline_wcodec1700r_600000_10000_3000_s1911.txt , 1512 , 1635 , 1223 , 1327 , 605260 , 224
merge_Sort_Aggressivemerge_inplaceDeadline_wcodec1000r_600000_10000_3000_s16384.txt , 950 , 950 , 14 , 14 , 383223 , 0
merge_Sort_Aggressivemerge_inplaceDeadline_wcodec1200r_600000_10000_3000_s1920.txt , 1139 , 1142 , 103 , 103 , 412896 , 0
merge_Sort_Aggressivemerge_inplaceDeadline_wcodec1200r_600000_10000_3000_s50.txt , 1095 , 1112 , 792 , 809 , 464353 , 34
merge_Sort_Aggressivemerge_inplaceDeadline_wcodec1000r_600000_10000_3000_s167.txt , 946 , 948 , 253 , 253 , 407177 , 1
merge_Sort_Aggressivemerge_inplaceDeadline_wcodec1700r_600000_10000_3000_s7.txt , 1536 , 1630 , 1244 , 1329 , 659452 , 175
merge_Sort_Aggressivemerge_inplaceDeadline_wcodec1800r_600000_10000_3000_s555.txt , 1656 , 1751 , 1509 , 1574 , 690184 , 174
merge_Sort_Aggressivemerge_inplaceDeadline_wcodec1100r_600000_10000_3000_s9199.txt , 1054 , 1058 , 258 , 258 , 406452 , 0
merge_Sort_Aggressivemerge_inplaceDeadline_wcodec1000r_600000_10000_3000_s333.txt , 943 , 953 , 743 , 753 , 380215 , 20
merge_Sort_Aggressivemerge_inplaceDeadline_wcodec1000r_600000_10000_3000_s1.txt , 970 , 974 , 464 , 464 , 389538 , 4
merge_Sort_Aggressivemerge_inplaceDeadline_wcodec1300r_600000_10000_3000_s1911.txt , 1218 , 1242 , 495 , 509 , 448931 , 29
merge_Sort_Aggressivemerge_inplaceDeadline_wcodec1600r_600000_10000_3000_s81.txt , 1512 , 1566 , 1360 , 1395 , 621841 , 88
merge_Sort_Aggressivemerge_inplaceDeadline_wcodec1800r_600000_10000_3000_s68.txt , 1584 , 1727 , 1517 , 1640 , 713049 , 255
merge_Sort_Aggressivemerge_inplaceDeadline_wcodec1200r_600000_10000_3000_s251.txt , 1122 , 1132 , 527 , 527 , 405905 , 0
merge_Sort_Aggressivemerge_inplaceDeadline_wcodec1200r_600000_10000_3000_s699.txt , 1140 , 1154 , 401 , 415 , 444155 , 24
merge_Sort_Aggressivemerge_inplaceDeadline_wcodec2000r_600000_10000_3000_s9999.txt , 1776 , 1942 , 1443 , 1584 , 739382 , 298
merge_Sort_Aggressivemerge_inplaceDeadline_wcodec1700r_600000_10000_3000_s678.txt , 1512 , 1651 , 1336 , 1455 , 649097 , 248
merge_Sort_Aggressivemerge_inplaceDeadline_wcodec1900r_600000_10000_3000_s7.txt , 1704 , 1832 , 1444 , 1548 , 767521 , 233
merge_Sort_Aggressivemerge_inplaceDeadline_wcodec1400r_600000_10000_3000_s777.txt , 1296 , 1316 , 962 , 978 , 554839 , 34
merge_Sort_Aggressivemerge_inplaceDeadline_wcodec1000r_600000_10000_3000_s521.txt , 964 , 964 , 117 , 117 , 360349 , 0
merge_Sort_Aggressivemerge_inplaceDeadline_wcodec2000r_600000_10000_3000_s81.txt , 1800 , 1985 , 1727 , 1879 , 792598 , 333
merge_Sort_Aggressivemerge_inplaceDeadline_wcodec1100r_600000_10000_3000_s1048575.txt , 1021 , 1041 , 572 , 572 , 393221 , 2
merge_Sort_Aggressivemerge_inplaceDeadline_wcodec2000r_600000_10000_3000_s104857.txt , 1272 , 1390 , 1245 , 1338 , 488293 , 208
merge_Sort_Aggressivemerge_inplaceDeadline_wcodec1800r_600000_10000_3000_s167.txt , 1608 , 1754 , 1565 , 1677 , 711444 , 260
merge_Sort_Aggressivemerge_inplaceDeadline_wcodec1500r_600000_10000_3000_s555.txt , 1416 , 1445 , 1081 , 1106 , 555893 , 54
merge_Sort_Aggressivemerge_inplaceDeadline_wcodec1400r_600000_10000_3000_s678.txt , 1272 , 1314 , 1091 , 1121 , 507621 , 74
merge_Sort_Aggressivemerge_inplaceDeadline_wcodec1300r_600000_10000_3000_s1990.txt , 1190 , 1195 , 673 , 676 , 459591 , 24
merge_Sort_Aggressivemerge_inplaceDeadline_wcodec1900r_600000_10000_3000_s6.txt , 1752 , 1835 , 1512 , 1584 , 762784 , 153
merge_Sort_Aggressivemerge_inplaceDeadline_wcodec1300r_600000_10000_3000_s9999.txt , 1228 , 1247 , 554 , 569 , 471385 , 34
merge_Sort_Aggressivemerge_inplaceDeadline_wcodec1700r_600000_10000_3000_s1080.txt , 1536 , 1628 , 1420 , 1494 , 680057 , 163
merge_Sort_Aggressivemerge_inplaceDeadline_wcodec1700r_600000_10000_3000_s1048575.txt , 1560 , 1651 , 1383 , 1464 , 632227 , 169
merge_Sort_Aggressivemerge_inplaceDeadline_wcodec1000r_600000_10000_3000_s699.txt , 975 , 981 , 309 , 309 , 377158 , 3
merge_Sort_Aggressivemerge_inplaceDeadline_wcodec1500r_600000_10000_3000_s12345.txt , 1368 , 1423 , 1162 , 1211 , 574896 , 102
merge_Sort_Aggressivemerge_inplaceDeadline_wcodec1600r_600000_10000_3000_s777.txt , 1512 , 1566 , 1307 , 1338 , 606368 , 78
merge_Sort_Aggressivemerge_inplaceDeadline_wcodec1000r_600000_10000_3000_s9199.txt , 951 , 951 , 88 , 88 , 387588 , 0
merge_Sort_Aggressivemerge_inplaceDeadline_wcodec2000r_600000_10000_3000_s1920.txt , 1776 , 1953 , 1620 , 1768 , 784547 , 307
merge_Sort_Aggressivemerge_inplaceDeadline_wcodec2000r_600000_10000_3000_s4192.txt , 1800 , 1932 , 1624 , 1738 , 754046 , 238
merge_Sort_Aggressivemerge_inplaceDeadline_wcodec1300r_600000_10000_3000_s777.txt , 1224 , 1248 , 570 , 590 , 500630 , 42
merge_Sort_Aggressivemerge_inplaceDeadline_wcodec1800r_600000_10000_3000_s262144.txt , 1680 , 1744 , 1126 , 1183 , 711061 , 118
merge_Sort_Aggressivemerge_inplaceDeadline_wcodec1200r_600000_10000_3000_s104857.txt , 1135 , 1151 , 442 , 452 , 448542 , 21
merge_Sort_Aggressivemerge_inplaceDeadline_wcodec1500r_600000_10000_3000_s678.txt , 1368 , 1440 , 1177 , 1233 , 574955 , 126
merge_Sort_Aggressivemerge_inplaceDeadline_wcodec1600r_600000_10000_3000_s262144.txt , 1464 , 1505 , 1184 , 1220 , 603132 , 77
merge_Sort_Aggressivemerge_inplaceDeadline_wcodec1800r_600000_10000_3000_s4192.txt , 1608 , 1713 , 1393 , 1472 , 656937 , 172
merge_Sort_Aggressivemerge_inplaceDeadline_wcodec1100r_600000_10000_3000_s212223.txt , 1030 , 1032 , 287 , 287 , 348261 , 0
merge_Sort_Aggressivemerge_inplaceDeadline_wcodec1800r_600000_10000_3000_s1990.txt , 1608 , 1693 , 1337 , 1404 , 682856 , 143
merge_Sort_Aggressivemerge_inplaceDeadline_wcodec1600r_600000_10000_3000_s1048575.txt , 1464 , 1534 , 1247 , 1308 , 576613 , 131
merge_Sort_Aggressivemerge_inplaceDeadline_wcodec1900r_600000_10000_3000_s167.txt , 1680 , 1870 , 1633 , 1786 , 767427 , 329
merge_Sort_Aggressivemerge_inplaceDeadline_wcodec1800r_600000_10000_3000_s678.txt , 1584 , 1739 , 1398 , 1510 , 683959 , 254
merge_Sort_Aggressivemerge_inplaceDeadline_wcodec1800r_600000_10000_3000_s1911.txt , 1608 , 1747 , 1447 , 1573 , 643332 , 267
merge_Sort_Aggressivemerge_inplaceDeadline_wcodec1100r_600000_10000_3000_s1920.txt , 1038 , 1038 , 99 , 99 , 397822 , 0
merge_Sort_Aggressivemerge_inplaceDeadline_wcodec1700r_600000_10000_3000_s699.txt , 1560 , 1659 , 1338 , 1419 , 682583 , 168
merge_Sort_Aggressivemerge_inplaceDeadline_wcodec1700r_600000_10000_3000_s167.txt , 1536 , 1617 , 1497 , 1558 , 681623 , 151
merge_Sort_Aggressivemerge_inplaceDeadline_wcodec1400r_600000_10000_3000_s687.txt , 1272 , 1301 , 1201 , 1226 , 492883 , 56
merge_Sort_Aggressivemerge_inplaceDeadline_wcodec1500r_600000_10000_3000_s104857.txt , 1392 , 1423 , 1114 , 1139 , 533315 , 56
merge_Sort_Aggressivemerge_inplaceDeadline_wcodec1000r_600000_10000_3000_s6.txt , 955 , 967 , 104 , 115 , 417816 , 22
merge_Sort_Aggressivemerge_inplaceDeadline_wcodec1000r_600000_10000_3000_s104857.txt , 984 , 994 , 290 , 300 , 375352 , 18
merge_Sort_Aggressivemerge_inplaceDeadline_wcodec1800r_600000_10000_3000_s9999.txt , 1656 , 1775 , 1299 , 1390 , 657764 , 200
merge_Sort_Aggressivemerge_inplaceDeadline_wcodec1200r_600000_10000_3000_s333.txt , 1152 , 1170 , 1106 , 1121 , 436297 , 41
merge_Sort_Aggressivemerge_inplaceDeadline_wcodec1100r_600000_10000_3000_s9999.txt , 1034 , 1055 , 417 , 421 , 410049 , 23
merge_Sort_Aggressivemerge_inplaceDeadline_wcodec1800r_600000_10000_3000_s212223.txt , 1632 , 1739 , 1500 , 1586 , 610375 , 190
merge_Sort_Aggressivemerge_inplaceDeadline_wcodec1100r_600000_10000_3000_s687.txt , 1008 , 1025 , 815 , 832 , 415675 , 34
merge_Sort_Aggressivemerge_inplaceDeadline_wcodec1100r_600000_10000_3000_s167.txt , 1010 , 1012 , 429 , 430 , 426838 , 3
merge_Sort_Aggressivemerge_inplaceDeadline_wcodec1400r_600000_10000_3000_s1048575.txt , 1320 , 1340 , 1040 , 1058 , 499244 , 38
merge_Sort_Aggressivemerge_inplaceDeadline_wcodec1700r_600000_10000_3000_s687.txt , 1512 , 1608 , 1450 , 1528 , 656082 , 167
merge_Sort_Aggressivemerge_inplaceDeadline_wcodec1200r_600000_10000_3000_s768.txt , 1135 , 1137 , 612 , 612 , 470892 , 2
merge_Sort_Aggressivemerge_inplaceDeadline_wcodec1000r_600000_10000_3000_s1080.txt , 928 , 943 , 311 , 322 , 366366 , 23
merge_Sort_Aggressivemerge_inplaceDeadline_wcodec1400r_600000_10000_3000_s212223.txt , 1296 , 1328 , 1173 , 1199 , 470502 , 53
merge_Sort_Aggressivemerge_inplaceDeadline_wcodec1000r_600000_10000_3000_s50.txt , 944 , 957 , 616 , 618 , 439872 , 13
merge_Sort_Aggressivemerge_inplaceDeadline_wcodec1300r_600000_10000_3000_s16384.txt , 1200 , 1234 , 905 , 933 , 463534 , 55
merge_Sort_Aggressivemerge_inplaceDeadline_wcodec1500r_600000_10000_3000_s251.txt , 1368 , 1427 , 1220 , 1263 , 514339 , 102
merge_Sort_Aggressivemerge_inplaceDeadline_wcodec1700r_600000_10000_3000_s768.txt , 1536 , 1640 , 1267 , 1357 , 632682 , 179
merge_Sort_Aggressivemerge_inplaceDeadline_wcodec1600r_600000_10000_3000_s104857.txt , 1488 , 1534 , 1222 , 1253 , 569443 , 77
merge_Sort_Aggressivemerge_inplaceDeadline_wcodec1300r_600000_10000_3000_s50.txt , 1193 , 1222 , 862 , 891 , 507451 , 58
merge_Sort_Aggressivemerge_inplaceDeadline_wcodec1000r_600000_10000_3000_s68.txt , 968 , 980 , 808 , 820 , 440353 , 22
merge_Sort_Aggressivemerge_inplaceDeadline_wcodec1000r_600000_10000_3000_s800.txt , 970 , 974 , 12 , 12 , 359685 , 1
merge_Sort_Aggressivemerge_inplaceDeadline_wcodec1500r_600000_10000_3000_s212223.txt , 1368 , 1415 , 1243 , 1280 , 505584 , 84
merge_Sort_Aggressivemerge_inplaceDeadline_wcodec1500r_600000_10000_3000_s521.txt , 1392 , 1430 , 842 , 864 , 564860 , 52
merge_Sort_Aggressivemerge_inplaceDeadline_wcodec1000r_600000_10000_3000_s555.txt , 973 , 983 , 388 , 388 , 398593 , 2
merge_Sort_Aggressivemerge_inplaceDeadline_wcodec1200r_600000_10000_3000_s12345.txt , 1104 , 1128 , 887 , 896 , 454802 , 34
merge_Sort_Aggressivemerge_inplaceDeadline_wcodec2000r_600000_10000_3000_s1048575.txt , 1776 , 1946 , 1658 , 1804 , 716141 , 305
merge_Sort_Aggressivemerge_inplaceDeadline_wcodec1400r_600000_10000_3000_s1920.txt , 1296 , 1320 , 805 , 825 , 475306 , 42
merge_Sort_Aggressivemerge_inplaceDeadline_wcodec1300r_600000_10000_3000_s7.txt , 1201 , 1216 , 762 , 775 , 502089 , 26
merge_Sort_Aggressivemerge_inplaceDeadline_wcodec1600r_600000_10000_3000_s1080.txt , 1440 , 1518 , 1326 , 1382 , 625558 , 129
merge_Sort_Aggressivemerge_inplaceDeadline_wcodec1200r_600000_10000_3000_s1.txt , 1103 , 1121 , 636 , 643 , 424608 , 30
merge_Sort_Aggressivemerge_inplaceDeadline_wcodec1900r_600000_10000_3000_s1048575.txt , 1680 , 1802 , 1508 , 1616 , 691357 , 226
merge_Sort_Aggressivemerge_inplaceDeadline_wcodec1300r_600000_10000_3000_s4192.txt , 1202 , 1230 , 523 , 523 , 443195 , 7
merge_Sort_Aggressivemerge_inplaceDeadline_wcodec1600r_600000_10000_3000_s699.txt , 1440 , 1524 , 1102 , 1166 , 617544 , 148
merge_Sort_Aggressivemerge_inplaceDeadline_wcodec1600r_600000_10000_3000_s1911.txt , 1464 , 1524 , 1193 , 1238 , 569466 , 110
merge_Sort_Aggressivemerge_inplaceDeadline_wcodec1100r_600000_10000_3000_s12345.txt , 1020 , 1021 , 414 , 414 , 417295 , 1
merge_Sort_Aggressivemerge_inplaceDeadline_wcodec1200r_600000_10000_3000_s1080.txt , 1114 , 1129 , 642 , 653 , 439023 , 23
merge_Sort_Aggressivemerge_inplaceDeadline_wcodec2000r_600000_10000_3000_s251.txt , 1776 , 1967 , 1628 , 1803 , 723505 , 362
merge_Sort_Aggressivemerge_inplaceDeadline_wcodec1900r_600000_10000_3000_s212223.txt , 1728 , 1863 , 1595 , 1702 , 698144 , 238
merge_Sort_Aggressivemerge_inplaceDeadline_wcodec1200r_600000_10000_3000_s9199.txt , 1128 , 1138 , 493 , 503 , 454854 , 20
merge_Sort_Aggressivemerge_inplaceDeadline_wcodec1400r_600000_10000_3000_s7.txt , 1272 , 1303 , 837 , 861 , 549823 , 53
merge_Sort_Aggressivemerge_inplaceDeadline_wcodec1300r_600000_10000_3000_s251.txt , 1224 , 1238 , 724 , 727 , 457695 , 13
merge_Sort_Aggressivemerge_inplaceDeadline_wcodec1100r_600000_10000_3000_s678.txt , 1038 , 1067 , 568 , 575 , 422808 , 30
merge_Sort_Aggressivemerge_inplaceDeadline_wcodec1200r_600000_10000_3000_s167.txt , 1120 , 1131 , 458 , 468 , 453869 , 21
merge_Sort_Aggressivemerge_inplaceDeadline_wcodec1900r_600000_10000_3000_s50.txt , 1704 , 1878 , 1564 , 1715 , 786155 , 321
merge_Sort_Aggressivemerge_inplaceDeadline_wcodec1600r_600000_10000_3000_s687.txt , 1440 , 1532 , 1381 , 1457 , 631109 , 163
merge_Sort_Aggressivemerge_inplaceDeadline_wcodec1900r_600000_10000_3000_s678.txt , 1680 , 1883 , 1498 , 1665 , 719954 , 338
merge_Sort_Aggressivemerge_inplaceDeadline_wcodec1500r_600000_10000_3000_s687.txt , 1344 , 1405 , 1260 , 1306 , 561720 , 104
merge_Sort_Aggressivemerge_inplaceDeadline_wcodec1900r_600000_10000_3000_s1080.txt , 1680 , 1809 , 1553 , 1658 , 748166 , 221
merge_Sort_Aggressivemerge_inplaceDeadline_wcodec1100r_600000_10000_3000_s104857.txt , 1057 , 1071 , 289 , 299 , 391053 , 18
merge_Sort_Aggressivemerge_inplaceDeadline_wcodec1700r_600000_10000_3000_s555.txt , 1560 , 1625 , 1415 , 1456 , 647727 , 123
merge_Sort_Aggressivemerge_inplaceDeadline_wcodec2000r_600000_10000_3000_s167.txt , 1728 , 1947 , 1672 , 1856 , 822973 , 389
merge_Sort_Aggressivemerge_inplaceDeadline_wcodec1800r_600000_10000_3000_s50.txt , 1296 , 1404 , 1157 , 1249 , 600870 , 195
merge_Sort_Aggressivemerge_inplaceDeadline_wcodec1900r_600000_10000_3000_s104857.txt , 1752 , 1878 , 1722 , 1820 , 716626 , 220
merge_Sort_Aggressivemerge_inplaceDeadline_wcodec1500r_600000_10000_3000_s50.txt , 1350 , 1402 , 947 , 991 , 552620 , 96
merge_Sort_Aggressivemerge_inplaceDeadline_wcodec1400r_600000_10000_3000_s167.txt , 1296 , 1320 , 1065 , 1080 , 539862 , 36
merge_Sort_Aggressivemerge_inplaceDeadline_wcodec2000r_600000_10000_3000_s800.txt , 1776 , 1953 , 1643 , 1781 , 801853 , 309
merge_Sort_Aggressivemerge_inplaceDeadline_wcodec1300r_600000_10000_3000_s1080.txt , 1207 , 1218 , 683 , 689 , 457794 , 12
merge_Sort_Aggressivemerge_inplaceDeadline_wcodec1200r_600000_10000_3000_s1048575.txt , 1128 , 1148 , 828 , 836 , 424329 , 21
merge_Sort_Aggressivemerge_inplaceDeadline_wcodec1600r_600000_10000_3000_s7.txt , 1464 , 1527 , 990 , 1042 , 630877 , 115
merge_Sort_Aggressivemerge_inplaceDeadline_wcodec1800r_600000_10000_3000_s6.txt , 1608 , 1675 , 1380 , 1436 , 661026 , 137
merge_Sort_Aggressivemerge_inplaceDeadline_wcodec2000r_600000_10000_3000_s1911.txt , 1776 , 1969 , 1676 , 1839 , 736508 , 348
merge_Sort_Aggressivemerge_inplaceDeadline_wcodec1600r_600000_10000_3000_s50.txt , 1449 , 1495 , 1025 , 1063 , 558345 , 84
merge_Sort_Aggressivemerge_inplaceDeadline_wcodec1800r_600000_10000_3000_s16384.txt , 1632 , 1767 , 1455 , 1574 , 690919 , 239
merge_Sort_Aggressivemerge_inplaceDeadline_wcodec1700r_600000_10000_3000_s251.txt , 1536 , 1646 , 1336 , 1434 , 643961 , 201
merge_Sort_Aggressivemerge_inplaceDeadline_wcodec1100r_600000_10000_3000_s262144.txt , 1032 , 1043 , 507 , 518 , 431226 , 22
merge_Sort_Aggressivemerge_inplaceDeadline_wcodec1500r_600000_10000_3000_s7.txt , 1344 , 1390 , 888 , 930 , 578388 , 104
merge_Sort_Aggressivemerge_inplaceDeadline_wcodec1700r_600000_10000_3000_s12345.txt , 1560 , 1650 , 1151 , 1229 , 678431 , 162
merge_Sort_Aggressivemerge_inplaceDeadline_wcodec1800r_600000_10000_3000_s12345.txt , 1632 , 1767 , 1480 , 1597 , 712355 , 249
merge_Sort_Aggressivemerge_inplaceDeadline_wcodec1700r_600000_10000_3000_s16384.txt , 1536 , 1661 , 1351 , 1455 , 661597 , 212
merge_Sort_Aggressivemerge_inplaceDeadline_wcodec2000r_600000_10000_3000_s333.txt , 1704 , 1938 , 1668 , 1882 , 816576 , 434
merge_Sort_Aggressivemerge_inplaceDeadline_wcodec1400r_600000_10000_3000_s50.txt , 1278 , 1305 , 914 , 939 , 516916 , 52
merge_Sort_Aggressivemerge_inplaceDeadline_wcodec1400r_600000_10000_3000_s81.txt , 1296 , 1330 , 1082 , 1103 , 489969 , 61
merge_Sort_Aggressivemerge_inplaceDeadline_wcodec1900r_600000_10000_3000_s333.txt , 1656 , 1851 , 1621 , 1786 , 744808 , 353
merge_Sort_Aggressivemerge_inplaceDeadline_wcodec1400r_600000_10000_3000_s1.txt , 1272 , 1311 , 1065 , 1092 , 482102 , 68
merge_Sort_Aggressivemerge_inplaceDeadline_wcodec1600r_600000_10000_3000_s333.txt , 1464 , 1572 , 1435 , 1533 , 625601 , 208
merge_Sort_Aggressivemerge_inplaceDeadline_wcodec1200r_600000_10000_3000_s678.txt , 1135 , 1140 , 339 , 339 , 443789 , 0
merge_Sort_Aggressivemerge_inplaceDeadline_wcodec1700r_600000_10000_3000_s262144.txt , 1560 , 1616 , 1207 , 1253 , 635012 , 99
merge_Sort_Aggressivemerge_inplaceDeadline_wcodec1400r_600000_10000_3000_s1911.txt , 1296 , 1311 , 1048 , 1060 , 477913 , 34
merge_Sort_Aggressivemerge_inplaceDeadline_wcodec1000r_600000_10000_3000_s1911.txt , 982 , 982 , 27 , 27 , 372489 , 0
merge_Sort_Aggressivemerge_inplaceDeadline_wcodec2000r_600000_10000_3000_s768.txt , 1752 , 1912 , 1522 , 1673 , 783687 , 292
merge_Sort_Aggressivemerge_inplaceDeadline_wcodec1800r_600000_10000_3000_s104857.txt , 1632 , 1730 , 1602 , 1672 , 666922 , 178
merge_Sort_Aggressivemerge_inplaceDeadline_wcodec1900r_600000_10000_3000_s1.txt , 1680 , 1840 , 1500 , 1647 , 743786 , 304
merge_Sort_Aggressivemerge_inplaceDeadline_wcodec1700r_600000_10000_3000_s212223.txt , 1536 , 1633 , 1403 , 1484 , 583284 , 173
merge_Sort_Aggressivemerge_inplaceDeadline_wcodec1300r_600000_10000_3000_s262144.txt , 1231 , 1242 , 504 , 515 , 487046 , 26
merge_Sort_Aggressivemerge_inplaceDeadline_wcodec1700r_600000_10000_3000_s777.txt , 1584 , 1662 , 1388 , 1443 , 677002 , 125
merge_Sort_Aggressivemerge_inplaceDeadline_wcodec2000r_600000_10000_3000_s262144.txt , 1800 , 1942 , 1483 , 1608 , 767881 , 269
merge_Sort_Aggressivemerge_inplaceDeadline_wcodec1500r_600000_10000_3000_s777.txt , 1416 , 1446 , 1034 , 1058 , 553168 , 51
merge_Sort_Aggressivemerge_inplaceDeadline_wcodec1300r_600000_10000_3000_s521.txt , 1210 , 1231 , 642 , 655 , 477553 , 27
merge_Sort_Aggressivemerge_inplaceDeadline_wcodec1900r_600000_10000_3000_s81.txt , 1776 , 1884 , 1619 , 1704 , 725006 , 202
merge_Sort_Aggressivemerge_inplaceDeadline_wcodec2000r_600000_10000_3000_s687.txt , 1728 , 1899 , 1664 , 1807 , 790172 , 309
merge_Sort_Aggressivemerge_inplaceDeadline_wcodec2000r_600000_10000_3000_s16384.txt , 1776 , 1945 , 1663 , 1811 , 804412 , 300
merge_Sort_Aggressivemerge_inplaceDeadline_wcodec1300r_600000_10000_3000_s81.txt , 1217 , 1223 , 265 , 265 , 477922 , 0
merge_Sort_Aggressivemerge_inplaceDeadline_wcodec2000r_600000_10000_3000_s12345.txt , 1752 , 1933 , 1600 , 1758 , 742782 , 332
merge_Sort_Aggressivemerge_inplaceDeadline_wcodec1500r_600000_10000_3000_s333.txt , 1368 , 1425 , 1327 , 1375 , 526082 , 127
merge_Sort_Aggressivemerge_inplaceDeadline_wcodec1200r_600000_10000_3000_s1990.txt , 1091 , 1110 , 609 , 628 , 447864 , 38
merge_Sort_Aggressivemerge_inplaceDeadline_wcodec1900r_600000_10000_3000_s777.txt , 1704 , 1854 , 1564 , 1700 , 784146 , 272
merge_Sort_Aggressivemerge_inplaceDeadline_wcodec1700r_600000_10000_3000_s9199.txt , 1560 , 1633 , 1328 , 1390 , 637131 , 128
merge_Sort_Aggressivemerge_inplaceDeadline_wcodec1200r_600000_10000_3000_s68.txt , 1128 , 1148 , 1059 , 1079 , 435692 , 42
merge_Sort_Aggressivemerge_inplaceDeadline_wcodec1400r_600000_10000_3000_s9999.txt , 1300 , 1328 , 557 , 575 , 487052 , 43
merge_Sort_Aggressivemerge_inplaceDeadline_wcodec1800r_600000_10000_3000_s1080.txt , 1608 , 1700 , 1493 , 1564 , 680094 , 155
merge_Sort_Aggressivemerge_inplaceDeadline_wcodec1700r_600000_10000_3000_s68.txt , 1512 , 1652 , 1444 , 1566 , 677352 , 260
merge_Sort_Aggressivemerge_inplaceDeadline_wcodec1500r_600000_10000_3000_s1920.txt , 1392 , 1416 , 792 , 811 , 519901 , 43
merge_Sort_Aggressivemerge_inplaceDeadline_wcodec1000r_600000_10000_3000_s7.txt , 956 , 966 , 478 , 486 , 391283 , 17
merge_Sort_Aggressivemerge_inplaceDeadline_wcodec1200r_600000_10000_3000_s687.txt , 1104 , 1115 , 911 , 918 , 454595 , 17
merge_Sort_Aggressivemerge_inplaceDeadline_wcodec2000r_600000_10000_3000_s555.txt , 1800 , 1946 , 1622 , 1735 , 758289 , 246
merge_Sort_Aggressivemerge_inplaceDeadline_wcodec1700r_600000_10000_3000_s6.txt , 1560 , 1595 , 1027 , 1056 , 627444 , 60
merge_Sort_Aggressivemerge_inplaceDeadline_wcodec1200r_600000_10000_3000_s212223.txt , 1127 , 1142 , 802 , 804 , 402628 , 7
merge_Sort_Aggressivemerge_inplaceDeadline_wcodec1300r_600000_10000_3000_s1920.txt , 1224 , 1242 , 412 , 430 , 446481 , 36
merge_Sort_Aggressivemerge_inplaceDeadline_wcodec1200r_600000_10000_3000_s1911.txt , 1127 , 1133 , 139 , 139 , 404992 , 4
merge_Sort_Aggressivemerge_inplaceDeadline_wcodec2000r_600000_10000_3000_s1080.txt , 1776 , 1925 , 1670 , 1802 , 760400 , 274
merge_Sort_Aggressivemerge_inplaceDeadline_wcodec1400r_600000_10000_3000_s262144.txt , 1295 , 1320 , 643 , 662 , 519390 , 40
merge_Sort_Aggressivemerge_inplaceDeadline_wcodec1700r_600000_10000_3000_s1.txt , 1536 , 1656 , 1346 , 1453 , 614776 , 217
merge_Sort_Aggressivemerge_inplaceDeadline_wcodec1300r_600000_10000_3000_s800.txt , 1224 , 1245 , 675 , 692 , 466759 , 38
merge_Sort_Aggressivemerge_inplaceDeadline_wcodec1600r_600000_10000_3000_s251.txt , 1464 , 1528 , 1316 , 1371 , 570594 , 115
merge_Sort_Aggressivemerge_inplaceDeadline_wcodec1500r_600000_10000_3000_s9199.txt , 1344 , 1387 , 1156 , 1192 , 539326 , 81
merge_Sort_Aggressivemerge_inplaceDeadline_wcodec1400r_600000_10000_3000_s4192.txt , 1276 , 1306 , 839 , 853 , 464734 , 39
merge_Sort_Aggressivemerge_inplaceDeadline_wcodec1600r_600000_10000_3000_s800.txt , 1464 , 1543 , 1344 , 1413 , 634166 , 143
merge_Sort_Aggressivemerge_inplaceDeadline_wcodec1100r_600000_10000_3000_s800.txt , 1071 , 1075 , 60 , 60 , 417378 , 3
merge_Sort_Aggressivemerge_inplaceDeadline_wcodec1800r_600000_10000_3000_s699.txt , 1632 , 1759 , 1484 , 1580 , 717273 , 216
merge_Sort_Aggressivemerge_inplaceDeadline_wcodec1200r_600000_10000_3000_s81.txt , 1108 , 1115 , 108 , 108 , 407523 , 0
merge_Sort_Aggressivemerge_inplaceDeadline_wcodec1800r_600000_10000_3000_s251.txt , 1608 , 1733 , 1437 , 1544 , 688012 , 226
merge_Sort_Aggressivemerge_inplaceDeadline_wcodec1600r_600000_10000_3000_s12345.txt , 1464 , 1537 , 1291 , 1351 , 638064 , 129
merge_Sort_Aggressivemerge_inplaceDeadline_wcodec1800r_600000_10000_3000_s1920.txt , 1656 , 1737 , 1152 , 1209 , 638788 , 129
merge_Sort_Aggressivemerge_inplaceDeadline_wcodec1200r_600000_10000_3000_s555.txt , 1120 , 1122 , 523 , 523 , 434988 , 18
merge_Sort_Aggressivemerge_inplaceDeadline_wcodec1100r_600000_10000_3000_s1080.txt , 1029 , 1035 , 495 , 496 , 408350 , 4
merge_Sort_Aggressivemerge_inplaceDeadline_wcodec1800r_600000_10000_3000_s800.txt , 1656 , 1766 , 1526 , 1624 , 740314 , 204
merge_Sort_Aggressivemerge_inplaceDeadline_wcodec1600r_600000_10000_3000_s6.txt , 1440 , 1475 , 796 , 823 , 582965 , 57
merge_Sort_Aggressivemerge_inplaceDeadline_wcodec1100r_600000_10000_3000_s699.txt , 1063 , 1063 , 550 , 550 , 410338 , 0
merge_Sort_Aggressivemerge_inplaceDeadline_wcodec1000r_600000_10000_3000_s9999.txt , 941 , 956 , 346 , 348 , 370309 , 12
merge_Sort_Aggressivemerge_inplaceDeadline_wcodec1400r_600000_10000_3000_s68.txt , 1272 , 1305 , 1204 , 1229 , 495563 , 77
merge_Sort_Aggressivemerge_inplaceDeadline_wcodec1000r_600000_10000_3000_s262144.txt , 968 , 975 , 330 , 337 , 426404 , 14
merge_Sort_Aggressivemerge_inplaceDeadline_wcodec1700r_600000_10000_3000_s4192.txt , 1577 , 1630 , 1057 , 1104 , 611218 , 94
merge_Sort_Aggressivemerge_inplaceDeadline_wcodec1500r_600000_10000_3000_s6.txt , 1368 , 1409 , 802 , 836 , 575296 , 71
merge_Sort_Aggressivemerge_inplaceDeadline_wcodec1900r_600000_10000_3000_s1920.txt , 1752 , 1886 , 1594 , 1711 , 725198 , 235
merge_Sort_Aggressivemerge_inplaceDeadline_wcodec1900r_600000_10000_3000_s68.txt , 1656 , 1849 , 1590 , 1759 , 753496 , 350
merge_Sort_Aggressivemerge_inplaceDeadline_wcodec1500r_600000_10000_3000_s800.txt , 1392 , 1438 , 1234 , 1267 , 570115 , 86
merge_Sort_Aggressivemerge_inplaceDeadline_wcodec1100r_600000_10000_3000_s16384.txt , 1037 , 1037 , 12 , 12 , 396451 , 0
merge_Sort_Aggressivemerge_inplaceDeadline_wcodec2000r_600000_10000_3000_s6.txt , 1776 , 1900 , 1551 , 1647 , 787548 , 225
merge_Sort_Aggressivemerge_inplaceDeadline_wcodec1200r_600000_10000_3000_s6.txt , 1091 , 1113 , 280 , 301 , 444395 , 42
merge_Sort_Aggressivemerge_inplaceDeadline_wcodec1300r_600000_10000_3000_s104857.txt , 1214 , 1236 , 573 , 589 , 480083 , 30
merge_Sort_Aggressivemerge_inplaceDeadline_wcodec1300r_600000_10000_3000_s687.txt , 1200 , 1222 , 1090 , 1104 , 475085 , 35
merge_Sort_Aggressivemerge_inplaceDeadline_wcodec1900r_600000_10000_3000_s521.txt , 1728 , 1861 , 1476 , 1574 , 782169 , 226
merge_Sort_Aggressivemerge_inplaceDeadline_wcodec1400r_600000_10000_3000_s104857.txt , 1320 , 1332 , 505 , 511 , 494360 , 13
merge_Sort_Aggressivemerge_inplaceDeadline_wcodec1500r_600000_10000_3000_s1.txt , 1344 , 1414 , 1170 , 1217 , 520318 , 113
merge_Sort_Aggressivemerge_inplaceDeadline_wcodec1900r_600000_10000_3000_s768.txt , 1704 , 1863 , 1461 , 1610 , 747133 , 289
merge_Sort_Aggressivemerge_inplaceDeadline_wcodec2000r_600000_10000_3000_s777.txt , 1728 , 1931 , 1604 , 1778 , 839537 , 380
merge_Sort_Aggressivemerge_inplaceDeadline_wcodec1900r_600000_10000_3000_s4192.txt , 1704 , 1835 , 1518 , 1631 , 742951 , 248
merge_Sort_Aggressivemerge_inplaceDeadline_wcodec1800r_600000_10000_3000_s687.txt , 1608 , 1732 , 1549 , 1658 , 715754 , 236
merge_Sort_Aggressivemerge_inplaceDeadline_wcodec1700r_600000_10000_3000_s521.txt , 1584 , 1656 , 1258 , 1305 , 673218 , 108
merge_Sort_Aggressivemerge_inplaceDeadline_wcodec1900r_600000_10000_3000_s12345.txt , 1680 , 1837 , 1528 , 1667 , 747714 , 291
merge_Sort_Aggressivemerge_inplaceDeadline_wcodec1600r_600000_10000_3000_s9999.txt , 1464 , 1546 , 1147 , 1206 , 554081 , 137
merge_Sort_Aggressivemerge_inplaceDeadline_wcodec2000r_600000_10000_3000_s678.txt , 1704 , 1918 , 1513 , 1683 , 728971 , 346
merge_Sort_Aggressivemerge_inplaceDeadline_wcodec1600r_600000_10000_3000_s16384.txt , 1416 , 1490 , 1185 , 1248 , 554559 , 132
merge_Sort_Aggressivemerge_inplaceDeadline_wcodec1900r_600000_10000_3000_s9199.txt , 1704 , 1848 , 1587 , 1718 , 719204 , 269
merge_Sort_Aggressivemerge_inplaceDeadline_wcodec1500r_600000_10000_3000_s167.txt , 1368 , 1415 , 1205 , 1245 , 574509 , 87
merge_Sort_Aggressivemerge_inplaceDeadline_wcodec1400r_600000_10000_3000_s1990.txt , 1285 , 1311 , 750 , 770 , 545860 , 42
merge_Sort_Aggressivemerge_inplaceDeadline_wcodec1800r_600000_10000_3000_s81.txt , 1656 , 1753 , 1499 , 1584 , 686284 , 179
merge_Sort_Aggressivemerge_inplaceDeadline_wcodec1400r_600000_10000_3000_s1080.txt , 1320 , 1345 , 906 , 923 , 525133 , 38
merge_Sort_Aggressivemerge_inplaceDeadline_wcodec1100r_600000_10000_3000_s777.txt , 1047 , 1053 , 255 , 256 , 418497 , 7
merge_Sort_Aggressivemerge_inplaceDeadline_wcodec1100r_600000_10000_3000_s521.txt , 1082 , 1092 , 198 , 206 , 421591 , 14
merge_Sort_Aggressivemerge_inplaceDeadline_wcodec1000r_600000_10000_3000_s251.txt , 963 , 973 , 21 , 21 , 369060 , 0
merge_Sort_Aggressivemerge_inplaceDeadline_wcodec1000r_600000_10000_3000_s768.txt , 973 , 975 , 85 , 85 , 382603 , 0
merge_Sort_Aggressivemerge_inplaceDeadline_wcodec1500r_600000_10000_3000_s1990.txt , 1347 , 1379 , 800 , 826 , 565101 , 54
merge_Sort_Aggressivemerge_inplaceDeadline_wcodec1700r_600000_10000_3000_s81.txt , 1584 , 1661 , 1433 , 1500 , 637463 , 141
merge_Sort_Aggressivemerge_inplaceDeadline_wcodec1000r_600000_10000_3000_s1990.txt , 965 , 966 , 337 , 338 , 381597 , 2
merge_Sort_Aggressivemerge_inplaceDeadline_wcodec1400r_600000_10000_3000_s251.txt , 1296 , 1331 , 1091 , 1121 , 502397 , 61
merge_Sort_Aggressivemerge_inplaceDeadline_wcodec1400r_600000_10000_3000_s699.txt , 1296 , 1313 , 997 , 1009 , 504475 , 28
merge_Sort_Aggressivemerge_inplaceDeadline_wcodec1200r_600000_10000_3000_s521.txt , 1137 , 1155 , 424 , 438 , 486031 , 44
merge_Sort_Aggressivemerge_inplaceDeadline_wcodec1300r_600000_10000_3000_s699.txt , 1224 , 1251 , 868 , 890 , 480767 , 48
merge_Sort_Aggressivemerge_inplaceDeadline_wcodec1100r_600000_10000_3000_s68.txt , 1056 , 1068 , 984 , 993 , 442420 , 21
merge_Sort_Aggressivemerge_inplaceDeadline_wcodec1600r_600000_10000_3000_s4192.txt , 1464 , 1516 , 1003 , 1035 , 557285 , 74
merge_Sort_Aggressivemerge_inplaceDeadline_wcodec1300r_600000_10000_3000_s678.txt , 1176 , 1214 , 938 , 973 , 470696 , 73
merge_Sort_Aggressivemerge_inplaceDeadline_wcodec1200r_600000_10000_3000_s7.txt , 1129 , 1143 , 690 , 701 , 466228 , 23
merge_Sort_Aggressivemerge_inplaceDeadline_wcodec1900r_600000_10000_3000_s9999.txt , 1728 , 1865 , 1440 , 1557 , 719349 , 236
merge_Sort_Aggressivemerge_inplaceDeadline_wcodec1500r_600000_10000_3000_s81.txt , 1416 , 1464 , 824 , 852 , 554606 , 65
merge_Sort_Aggressivemerge_inplaceDeadline_wcodec1700r_600000_10000_3000_s50.txt , 1512 , 1603 , 1137 , 1221 , 597651 , 172
merge_Sort_Aggressivemerge_inplaceDeadline_wcodec1000r_600000_10000_3000_s777.txt , 984 , 984 , 242 , 242 , 399073 , 0
merge_Sort_Aggressivemerge_inplaceDeadline_wcodec1600r_600000_10000_3000_s167.txt , 1440 , 1506 , 1399 , 1459 , 639618 , 126
merge_Sort_Aggressivemerge_inplaceDeadline_wcodec1700r_600000_10000_3000_s1920.txt , 1560 , 1633 , 1038 , 1090 , 574603 , 131
merge_Sort_Aggressivemerge_inplaceDeadline_wcodec1900r_600000_10000_3000_s699.txt , 1704 , 1862 , 1560 , 1683 , 739410 , 274
merge_Sort_Aggressivemerge_inplaceDeadline_wcodec1800r_600000_10000_3000_s7.txt , 1656 , 1755 , 1201 , 1290 , 727288 , 182
merge_Sort_Aggressivemerge_inplaceDeadline_wcodec2000r_600000_10000_3000_s1990.txt , 1752 , 1860 , 1477 , 1568 , 722302 , 198
merge_Sort_Aggressivemerge_inplaceDeadline_wcodec2000r_600000_10000_3000_s699.txt , 1776 , 1983 , 1629 , 1792 , 806016 , 359
merge_Sort_Aggressivemerge_inplaceDeadline_wcodec1600r_600000_10000_3000_s555.txt , 1488 , 1541 , 1325 , 1366 , 641986 , 91
merge_Sort_Aggressivemerge_inplaceDeadline_wcodec1800r_600000_10000_3000_s777.txt , 1632 , 1760 , 1490 , 1599 , 746248 , 234
merge_Sort_Aggressivemerge_inplaceDeadline_wcodec2000r_600000_10000_3000_s68.txt , 1680 , 1913 , 1615 , 1808 , 804647 , 409
merge_Sort_Aggressivemerge_inplaceDeadline_wcodec2000r_600000_10000_3000_s212223.txt , 1776 , 1946 , 1644 , 1789 , 704484 , 307
merge_Sort_Aggressivemerge_inplaceDeadline_wcodec1700r_600000_10000_3000_s9999.txt , 1536 , 1636 , 1208 , 1292 , 626192 , 176
merge_Sort_Aggressivemerge_inplaceDeadline_wcodec1100r_600000_10000_3000_s7.txt , 1059 , 1075 , 566 , 575 , 448464 , 19
